Nombre,Ingredientes,Categoria
Tostadas con mermelada,Pan-Mermelada,Desayuno
Facturas de hojaldre,Harina-Manteca-Azucar,Desayuno
Tortilla de papas,Papas-Huevos-Cebolla,Almuerzo
Milanesa napolitana,Carne-Tomate-Queso,Almuerzo
Empanadas de carne,Carne picada-Cebolla-Masa,Almuerzo
Ravioles con estofado,Pasta-Carne-Salsa,Almuerzo
Asado argentino,Carne-Sal,Almuerzo
Pizza mozzarella,Masa-Queso-Tomate,Almuerzo
Pastel de papa,Papas-Carne picada-Cebolla,Almuerzo
Flan casero,Huevos-Leche-Azucar,Postre
Arroz con leche,Arroz-Leche-Azucar,Postre
Churros con dulce de leche,Harina-Azucar-Dulce de leche,Postre
Helado artesanal,Leche-Azucar-Sabores,Postre
Tiramisu,Cafe-Mascarpone-Vainillas,Postre
Pannacotta,Crema-Azucar-Gelatina,Postre
Ensalada caprese,Tomate-Queso-Albahaca,Almuerzo
Galletitas de manteca,Harina-Manteca-Azucar,Desayuno
Frittata de verduras,Huevos-Verduras,Almuerzo
Sopa minestrone,Verduras-Legumbres-Pasta,Almuerzo
Risotto de hongos,Arroz-Hongos-Queso,Almuerzo
Polenta con tuco,Harina-Salsa-Queso,Almuerzo
Panqueques con dulce de leche,Harina-Huevos-Dulce de leche,Postre
Medialunas de manteca,Harina-Manteca-Azucar,Desayuno
Cannoli rellenos,Masa-Ricota-Azucar,Postre
Ñoquis de papa,Papas-Harina-Salsa,Almuerzo
Canelones de verdura,Masa-Espinaca-Ricota-Salsa,Almuerzo
Albondigas en salsa,Carne picada-Tomate-Cebolla,Almuerzo
Ensalada rusa,Papas-Zanahoria-Arvejas-Aderezo,Almuerzo
Panettone,Harina-Frutas confitadas-Pasas de uva,Postre
Bruschetta,Pan-Tomate-Ajo-Albahaca,Desayuno
Faina,Harina-Agua-Aceite,Almuerzo
Sorrentinos,Pasta-Jamon-Queso,Almuerzo
Lasagna de carne,Pasta-Carne-Salsa-Queso,Almuerzo
Tallarines al pesto,Pasta-Albahaca-Ajo-Aceite,Almuerzo
Budin de pan,Pan-Leche-Azucar-Huevos,Postre
Crema catalana,Leche-Huevos-Azucar-Canela,Postre
Arroz con pollo,Arroz-Pollo-Verduras,Almuerzo
Huevos revueltos,Huevos-Manteca,Desayuno
Picada argentina,Embutidos-Queso-Aceitunas,Almuerzo
Ensalada cesar,Lechuga-Pollo-Croutones-Queso,Almuerzo
Ravioles de espinaca,Pasta-Espinaca-Ricota-Salsa,Almuerzo
Pastafrola,Masa-Dulce de membrillo,Postre
Pizza fugazzeta,Masa-Queso-Cebolla,Almuerzo
Pollo al horno,Pollo-Papas-Condimentos,Almuerzo
Fideos con manteca,Pasta-Manteca-Queso,Almuerzo
Sandwich de miga,Pan de miga-Jamon-Queso,Desayuno
Spaghetti a la carbonara,Pasta-Huevos-Panceta,Almuerzo
Flan de dulce de leche,Huevos-Leche-Dulce de leche,Postre
Caprese a la argentina,Tomate-Queso-Oregano,Almuerzo
Polenta frita,Harina-Aceite-Sal,Almuerzo
Empanadas de humita,Choclo-Cebolla-Masa,Almuerzo
Risotto de mariscos,Arroz-Mariscos-Caldo de pescado,Almuerzo
Guiso de lentejas,Lentejas-Chorizo-Verduras,Almuerzo
Pasta al forno,Pasta-Salsa-Queso,Almuerzo
Bizcochuelo de vainilla,Harina-Huevos-Azucar,Postre
Minestrone,Verduras-Legumbres-Pasta,Almuerzo
Gelato italiano,Leche-Azucar-Sabores,Postre
Torta de ricota,Ricota-Harina-Huevos-Azucar,Postre
Ensalada de frutas,Frutas variadas-Azucar-Jugo de naranja,Postre
Frittata de jamon y queso,Huevos-Jamon-Queso,Desayuno
Suprema a la suiza,Pollo-Queso-Crema,Almuerzo
Gnocchi de espinaca,Espinaca-Harina-Salsa,Almuerzo
Pollo al ajillo,Pollo-Ajo-Vino blanco,Almuerzo
Budin de limon,Harina-Huevos-Limon-Azucar,Postre
Canelones de carne,Masa-Carne-Salsa,Almuerzo
Empanadas de jamon y queso,Jamon-Queso-Masa,Almuerzo
Estofado de carne,Carne-Verduras-Vino tinto,Almuerzo
Tarta pascualina,Masa-Espinaca-Huevos,Almuerzo
Pizza calabresa,Masa-Salame-Queso,Almuerzo
Sopa de ajo,Ajo-Pan-Caldo,Almuerzo
Paella de mariscos,Arroz-Mariscos-Azafran,Almuerzo
Flan napolitano,Huevos-Leche-Azucar-Caramelo,Postre
Rabas fritas,Calamares-Harina-Limon,Almuerzo
Ensalada mixta,Lechuga-Tomate-Cebolla,Almuerzo
Tortilla española,Huevos-Papas-Cebolla,Almuerzo
Arroz primavera,Arroz-Verduras-Manteca,Almuerzo
Berenjenas a la parmesana,Berenjenas-Tomate-Queso,Almuerzo
Bizcochos salados,Harina-Grasa-Sal,Desayuno
Pastel de choclo,Choclo-Carne picada-Cebolla,Almuerzo
Crepes de espinaca,Harina-Huevos-Espinaca,Almuerzo
Canelones de ricota,Ricota-Masa-Salsa,Almuerzo
Empanadas de pollo,Pollo-Cebolla-Masa,Almuerzo
Estofado de cordero,Cordero-Verduras-Vino tinto,Almuerzo
Torta de manzana,Manzanas-Harina-Huevos-Azucar,Postre
Pizza napolitana,Masa-Tomate-Ajo-Oregano,Almuerzo
Sopa crema de calabaza,Calabaza-Crema-Caldo,Almuerzo
Paella valenciana,Arroz-Pollo-Mariscos,Almuerzo
Flan de coco,Huevos-Leche-Coco rallado,Postre
Empanadas arabes,Carne-Cebolla-Limon-Masa,Almuerzo
Ñoquis de calabaza,Calabaza-Harina-Salsa,Almuerzo
Tarta de jamon y queso,Masa-Jamon-Queso,Almuerzo
Churrasco con ensalada,Carne-Lechuga-Tomate,Almuerzo
Omelette de queso,Huevos-Queso-Manteca,Desayuno
Ensalada waldorf,Manzanas-Apio-Nueces-Aderezo,Almuerzo
Brochettes de pollo,Pollo-Verduras-Especias,Almuerzo
Pizza cuatro quesos,Masa-Queso,Almuerzo
Pan dulce,Harina-Frutas secas-Pasas de uva,Postre
Flan de cafe,Huevos-Leche-Cafe-Azucar,Postre
Ensalada caprese con palta,Tomate-Queso-Palta,Almuerzo
Milanesas de berenjena,Berenjenas-Pan rallado-Huevos,Almuerzo
Pollo al verdeo,Pollo-Cebolla de verdeo-Crema,Almuerzo
Tarta de atun,Masa-Atun-Cebolla,Almuerzo
Fideos al filetto,Pasta-Tomate-Ajo,Almuerzo
Guiso de arroz,Arroz-Carne-Verduras,Almuerzo
Tiramisu de frutillas,Frutillas-Mascarpone-Vainillas,Postre
Empanadas de espinaca,Espinaca-Cebolla-Masa,Almuerzo
Estofado de pollo,Pollo-Verduras-Vino blanco,Almuerzo
Torta selva negra,Chocolate-Crema-Cerezas,Postre
Pizza de rucula,Masa-Queso-Rucula,Almuerzo
Sopa de cebolla,Cebolla-Caldo-Pan,Almuerzo
Arroz con mariscos,Arroz-Mariscos-Caldo,Almuerzo
Flan de queso,Huevos-Leche-Queso,Postre
Ñoquis de semola,Semola-Leche-Queso,Almuerzo
Ensalada griega,Tomate-Pepino-Queso,Almuerzo
Bife a la criolla,Carne-Tomate-Cebolla-Papas,Almuerzo
Budin de zanahoria,Harina-Zanahoria-Huevos-Azucar,Postre
Canelones de pollo,Masa-Pollo-Salsa,Almuerzo
Empanadas tucumanas,Carne-Cebolla-Huevo duro,Almuerzo
Estofado de conejo,Conejo-Verduras-Vino blanco,Almuerzo
Torta de chocolate,Chocolate-Harina-Huevos-Azucar,Postre
Pizza con anchoas,Masa-Tomate-Anchoas,Almuerzo
Sopa de verduras,Verduras-Caldo,Almuerzo
Paella mixta,Arroz-Pollo-Mariscos,Almuerzo
Flan de naranja,Huevos-Leche-Jugo de naranja,Postre
Empanadas de pescado,Pescado-Cebolla-Masa,Almuerzo
Ñoquis de ricota,Ricota-Harina-Salsa,Almuerzo
Tarta de zapallitos,Masa-Zapallitos-Cebolla,Almuerzo
Choripan,Pan-Chorizo-Chimichurri,Almuerzo
Omelette de champiñones,Huevos-Champiñones-Manteca,Desayuno
Ensalada de quinoa,Quinoa-Verduras-Limon,Almuerzo
Brochettes de vegetales,Verduras-Especias,Almuerzo
Pizza de fugazza,Masa-Cebolla-Oregano,Almuerzo
Pan de campo,Harina-Levadura-Agua,Desayuno
Flan de vainilla,Huevos-Leche-Azucar,Postre
Ensalada de pollo,Pollo-Lechuga-Tomate,Almuerzo
Milanesas de soja,Soja texturizada-Pan rallado-Huevos,Almuerzo
Pollo a la mostaza,Pollo-Aderezo-Crema,Almuerzo
Tarta de cebolla,Masa-Cebolla-Queso,Almuerzo
Fideos con tuco,Pasta-Salsa-Carne,Almuerzo
Guiso de mondongo,Mondongo-Verduras-Tomate,Almuerzo
Tiramisu de limon,Limon-Mascarpone-Vainillas,Postre
Empanadas de queso,Queso-Cebolla-Masa,Almuerzo
Estofado de cerdo,Cerdo-Verduras-Vino tinto,Almuerzo
Torta de coco,Coco rallado-Harina-Huevos-Azucar,Postre
Pizza de choclo,Masa-Choclo-Queso,Almuerzo
Sopa de pollo,Pollo-Verduras-Pasta,Almuerzo
Arroz con vegetales,Arroz-Verduras-Salsa,Almuerzo
Flan de batata,Huevos-Leche-Batata-Azucar,Postre
Ñoquis de remolacha,Remolacha-Harina-Salsa,Almuerzo
Ensalada de lentejas,Lentejas-Verduras-Aceite de oliva,Almuerzo
Bife a caballo,Carne-Huevos fritos-Papas fritas,Almuerzo
Budin de banana,Bananas-Harina-Huevos-Azucar,Postre
Canelones de espinaca y ricota,Masa-Espinaca-Ricota,Almuerzo
Empanadas de humita y queso,Choclo-Queso-Masa,Almuerzo
Estofado vegetariano,Verduras-Legumbres-Caldo,Almuerzo
Torta invertida de manzana,Manzanas-Harina-Huevos-Azucar,Postre
Pizza de jamon y morrones,Masa-Jamon-Morrones,Almuerzo
Sopa de lentejas,Lentejas-Verduras-Caldo,Almuerzo
Paella vegetariana,Arroz-Verduras-Azafran,Almuerzo
Flan de dulce de batata,Huevos-Leche-Dulce de batata,Postre
Empanadas de carne picante,Carne-Especias-Masa,Almuerzo
Ñoquis de espinaca y ricota,Espinaca-Ricota-Harina,Almuerzo
Tarta de puerro,Masa-Puerro-Crema,Almuerzo
Pollo al champignon,Pollo-Champiñones-Crema,Almuerzo
Omelette de espinaca,Huevos-Espinaca-Manteca,Desayuno
Ensalada de garbanzos,Garbanzos-Verduras-Limon,Almuerzo
Brochettes de carne,Carne-Verduras-Especias,Almuerzo
Pizza de palmitos,Masa-Palmitos-Salsa,Almuerzo
Pan integral,Harina-Levadura-Agua,Desayuno
Flan de queso y dulce,Huevos-Leche-Queso-Dulce,Postre
Ensalada de arroz,Arroz-Verduras-Aderezo,Almuerzo
Milanesas de pescado,Pescado-Pan rallado-Huevos,Almuerzo
Pollo a la parmesana,Pollo-Tomate-Queso,Almuerzo
Tarta de choclo,Masa-Choclo-Cebolla,Almuerzo
Fideos con salsa rosa,Pasta-Tomate-Crema,Almuerzo
Guiso de fideos,Pasta-Carne-Verduras,Almuerzo
Tiramisu de chocolate,Chocolate-Mascarpone-Vainillas,Postre
Empanadas de cebolla y queso,Cebolla-Queso-Masa,Almuerzo
Estofado de ternera,Ternera-Verduras-Vino tinto,Almuerzo
Torta de zanahoria,Zanahoria-Harina-Huevos-Azucar,Postre
Pizza hawaiana,Masa-Jamon-Anana,Almuerzo
Sopa de zapallo,Zapallo-Caldo-Crema,Almuerzo
Arroz con leche condensada,Arroz-Leche condensada-Canela,Postre
Flan de yogur,Huevos-Yogur-Azucar,Postre
Ñoquis de pan,Pan rallado-Harina-Salsa,Almuerzo
Ensalada de porotos,Porotos-Verduras-Aceite,Almuerzo
Bife a la plancha,Carne-Sal-Pimienta,Almuerzo
Budin marmolado,Harina-Cacao-Huevos-Azucar,Postre
Canelones de verdura y pollo,Masa-Espinaca-Pollo,Almuerzo
Empanadas de carne y pasas,Carne-Pasas de uva-Masa,Almuerzo
Estofado de pescado,Pescado-Verduras-Vino blanco,Almuerzo
Torta de vainilla y chocolate,Harina-Cacao-Huevos-Azucar,Postre
Pizza de vegetales,Masa-Verduras-Queso,Almuerzo
Sopa de pescado,Pescado-Verduras-Caldo,Almuerzo
Paella de pollo,Arroz-Pollo-Azafran,Almuerzo
Flan de calabaza,Huevos-Leche-Calabaza-Azucar,Postre
Empanadas de queso y tomate,Queso-Tomate-Masa,Almuerzo
Ñoquis de zanahoria,Zanahoria-Harina-Salsa,Almuerzo
Tarta de espinaca y queso,Masa-Espinaca-Queso,Almuerzo
Churrasco con papas fritas,Carne-Papas-Aceite,Almuerzo
Omelette de queso y tomate,Huevos-Queso-Tomate,Desayuno
Ensalada de pasta,Pasta-Verduras-Aderezo,Almuerzo
Brochettes de cerdo,Cerdo-Verduras-Especias,Almuerzo
Pizza de champiñones,Masa-Champiñones-Queso,Almuerzo
Pan de queso,Harina-Queso-Leche,Desayuno
Flan de almendras,Huevos-Leche-Almendras-Azucar,Postre
Ensalada de atun,Atun-Lechuga-Tomate,Almuerzo
Milanesas a la napolitana,Carne-Tomate-Queso,Almuerzo
Pollo al limon,Pollo-Limon-Hierbas,Almuerzo
Tarta de calabaza,Masa-Calabaza-Cebolla,Almuerzo
Fideos con albondigas,Pasta-Albondigas-Salsa,Almuerzo
Guiso de garbanzos,Garbanzos-Carne-Verduras,Almuerzo
Tiramisu de cafe,Cafe-Mascarpone-Vainillas,Postre
Empanadas de hongos,Hongos-Cebolla-Masa,Almuerzo
Estofado de vegetales,Verduras-Legumbres-Caldo,Almuerzo
Torta de frutilla,Frutillas-Harina-Huevos-Azucar,Postre
Pizza de queso azul,Masa-Queso-Nueces,Almuerzo
Sopa de tomate,Tomate-Caldo-Crema,Almuerzo
Arroz chaufa,Arroz-Pollo-Verduras,Almuerzo
Flan de vainilla y coco,Huevos-Leche-Coco rallado,Postre
Ñoquis de queso,Queso-Harina-Salsa,Almuerzo
Ensalada de habas,Habas-Verduras-Aceite,Almuerzo
Bife de chorizo,Carne-Sal-Pimienta,Almuerzo
Budin de peras,Peras-Harina-Huevos-Azucar,Postre
Canelones de choclo,Masa-Choclo-Salsa,Almuerzo
Empanadas de espinaca y queso,Espinaca-Queso-Masa,Almuerzo
Estofado de mariscos,Mariscos-Verduras-Vino blanco,Almuerzo
Torta de ciruela,Ciruelas-Harina-Huevos-Azucar,Postre
Pizza de salmon,Masa-Salmon-Queso,Almuerzo
Sopa de miso,Miso-Tofu-Algas,Almuerzo
Paella negra,Arroz-Calamares-Tinta de calamar,Almuerzo
Flan de dulce de leche y coco,Huevos-Leche-Dulce de leche-Coco rallado,Postre
